<?xml version="1.0" encoding="UTF-8"?>  
<beans  
    xmlns="http://www.springframework.org/schema/beans"  
    xmlns:xsi="http://www.w3.org/2001/XMLSchema-instance"  
    xmlns:p="http://www.springframework.org/schema/p"  
    xsi:schemaLocation="http://www.springframework.org/schema/beans   
http://www.springframework.org/schema/beans/spring-beans-3.0.xsd">  
  
<bean id="ss" class="Bank">  
<constructor-arg value="101"></constructor-arg>  
<constructor-arg value="10000"></constructor-arg>  
<constructor-arg value="SBI"></constructor-arg>  
</bean>  
 
  
<bean id="bb" class="Dept">  
<constructor-arg value="developer"></constructor-arg>  
<constructor-arg value="bengalore"></constructor-arg>  
<constructor-arg value="java Developer "></constructor-arg>  
</bean>  
 
  
<bean id="q" class="Customer">  
<constructor-arg value="101"></constructor-arg>  
<constructor-arg value="Cool"></constructor-arg>  
<constructor-arg value="Development"></constructor-arg>  
<constructor-arg value="SBI Branch"></constructor-arg> 
<constructor-arg>  
<map>  
<entry key-ref="ss" value-ref="bb"></entry>   
</map>  
</constructor-arg>  
</bean>  
  
</beans>  